{
    "probe1": {
        "offset": 19.87000258,
        "scale": 0.4384833634
    },
    "probe2": {
        "offset": 27.80352355,
        "scale": 0.3255457679
    }
}
